total_rows,total_elapsed_time,total_reward,elapsed_time,reward
74,291.04783000000003,174532.0,7.11926,5852.0
30,44.37518,67969.0,2.52878,3854.0
27,47.03187,63808.0,2.81372,3699.0
